Sentence,Negative Connotations
pues hazme los deberes furcia barata,furcia barata
Conclusi√≥n: pura mierda de paranormal....,mierda
Algunos pierden la cabeza por llegar a Paguitalandia.,pierden la cabeza
"Si los ladrones y golpistas de izquierda no le hubieran hecho tanto da√±o a Chile, probablemente todo ser√≠a mejor.","ladrones, golpistas"
No se puede tener peor gusto dise√±ando camisetas pa una pe√±a  Que verguenza maricon,"peor, verg√ºenza, maricon"
Que analog√≠a rebuscada y de mierda,mierda
Periodismo de mierda justificando esto !,mierda
JAJAJAJAJJAJA que vas a eclipsar t√∫ y el otro subnormal xd,subnormal
"Pero que lo haga el gobierno y saqu√© pasta, vamos gilipollas, que os pod√©is forrar",gilipollas
"Buah yo no me har√≠a nunca un twitter, eso est√° lleno de rojos de mierda.",mierda
Esperando reacciones de los perroflautas de #podemos,perroflautas
Paco llegado este punto nos da igual con tal de olvidarnos del PP y su estado fascista,fascista
"Marhuenda, ese gilipollas que dice que es catal√°n solo cuando pretende da√±ar a todos los catalanes, llama...",gilipollas
"ESTA NOCHE, MANDA MI POLLA (un primo suyo)",polla
"Lo veo bien, deja cada uno varias pensiones pagadas y se va a su pais.",ninguna
"E si non eres un periodista decente deber√≠as cambiar de profesi√≥n, subnormal.",subnormal
"Est√°s enfermo y no quieres ver. Cada uno que arregle los problemas de su casa, aqu√≠ ya tenemos bastantes.","enfermo, problemas"
lo personal es pol√≠tico pero no por ello tienes ke ir a una manifa ke convocan sindicatos de mierda,mierda
"Vaya, nunca pens√© oir decir eso a una mujer",nunca
Excepto si te lo envenenan con mierdas,"envenenan, mierdas"
Este pa√≠s se va a la mierda,mierda
"Los halagos y buenos modales siempre hacen bien, menos a los izquierdistas de la cultura del odio.","izquierdistas, odio"
Te das cuenta la panda de retrasados que se han puesto a soltar espumarajos?,"retrasados, soltar espumarajos"
La √∫nica soluci√≥n es irse de este pa√≠s de mierda.,mierda
Sigue existiendo mucha basura en Espa√±a que limpiar y no solo en lo pol√≠tico.,basura
Los centros de menores no tutelados son escuelas de delincuentes.,delincuentes
Esto para un pedazo de retrasado como tu:,pedazo de retrasado
"fijate, todo tiene su lado bueno, hasta el puto coronabicho","puto, coronabicho"
: #ModeloPodemos Ser comunistas y joder Espa√±a  #LaHoraAzulPP278,joder
el Partido Socialista de Andaluc√≠a son una banda de delincuentes y chorizos,"delincuentes, chorizos"
Los mejores los m√°s preparados para cortar cabezas,cortar cabezas
Y adem√°s te apellidas Castillo. Hay que ser un charnego retrasado encima..,"charnego, retrasado"
"Son los mejores. Paguita, alquiler y seguridad social ya. Rasistas","Paguita, Rasistas"
La mitad catalana borrega independentista sigue crey√©ndose sus mentiras.,"borrega, mentiras"
pues mucho no entiendo pq llamarlo asi cuando la palabra no es ofensiva putos progres,putos progres
Este es el maric√≥n de Aida?,maric√≥n
gummy cuando te pones subnormal eres un tocacojones,"subnormal, tocacojones"
y snk ultima temp pronto pd rachel puta zorra la traicion no se perdona,"puta, zorra, traicion"
"Lo que Cuba hace, como siempre, es propaganda mentirosa para que descerebrados como Nu√±ez repitan como loros.","propaganda mentirosa, descerebrados"
Este wifi boliguayo de mierda,mierda
"los Salesianos de San Francisco de Sales, Los Marianistas y los fascistas vecinos del San Cirano nos ablandaron en exceso.",fascistas
"Habla espa√±ol, catal√°n de mierda üòã",mierda
Por mucho que intentes ser del Madrid nunca dejaras de ser un sudaca xd,sudaca
"Estaba tan bien durmiendo hasta q vino roco a despertarme, enano de mierdaüòí","mierda, enano"
No creo que haya en el mundo alguien que me d√© m√°s asco y sea m√°s subnormal que Dani Rovira.,"asco, subnormal"
"Este cabron est√° peor que los 1,200 que est√°n por llegar",cabron
Esos comunistas nazis judeo musulmanes crey√©ndose los reyes de la f√≠sica,"comunistas, nazis, judeo, musulmanes"
Tu tambi√©n Matt Reeves y tus putas ideas pendejas,"putas, pendejas"
"Que traigan otro cargamento, necesitamos m√°s pagapensiones son una inversi√≥n de futuro.",pagapensiones
para vos y todos los trolos panelistas putos de Fox,"trolos, putos"
Yo soy as√≠ puto moro,"puto, moro"
"Charnego ma√±ana salgo para ir a trabajar,  cosa que tu no sabes lo que es...",Charnego
"Y a m√≠ qu√© me importa lo que t√∫ notes, facha?",facha
"unos vecinos del primero son m√°s rojos y perroflautas que la hostia, les he dejado 6 entradas en el buz√≥n","rojos, perroflautas, hostia"
Pues puede trabajar de carnicero para pagar pensiones,
"Un cargador escaso de argumentario, parece.",escaso
A Emery se la devuelven por subnormal. PLANTEA A LA PROXIMA UN BUEN PARTIDO,subnormal
O sea que ahora la mafia tiene viajes de ida y vuelta,mafia
"A su vez que no es lo mismo ser cristiano que catolico , pero tu eres CATETA.",CATETA
"Ol√© sus huevos morenos (los del periodista). Si hablas de expulsar del pais a alguien, porque omites la nacionalidad.",expulsar
"#CeseDefinitivoCPCCS estos miserables su salida del CPCCS va hacer mas r√°pido q su puta nombramiento,","miserables, puta"
Ahora un nazi en RTVE #lahoraespinosadelosmonteros,nazi
"muy ateos que sois pero bien que os gustar√≠a ser dios, eh? malditos hipocritas","malditos, hipocritas"
"Hostia, como la quimioterapia, nos hace da√±o, pero si aguantamos lo suficiente, podemos vencer al c√°ncer.","Hostia, da√±o"
ESPA√ëA CORRUPPCI√ìN Derecha PP fascista franquista gobernando con 30% en Espa√±a no entiende porqu√© Catalu√±a quiere Independencia y Rep√∫blica.,CORRUPPCI√ìN fascista franquista
"Pues a mi me recuerda tus diversas lesiones graves y me descojono, subnormal. Acabado.","lesiones graves, descojono, subnormal, acabado"
"Mientras tanto, la gente matandose a currar como cabrones para vivir en una puta colmena","matandose, cabrones, puta"
porque no ten√©is a un subnormal por entrenador.,subnormal
"Qui√©n te querr√≠a besar a ti, mongolo.",mongolo
"que asco de gente dios, que busquen el significado de hembrismo y de feminismo y luego hablan",asco
"Los pol√≠ticos lo toleran todo lo que no va contra ellos, baste fijarse en Iglesias, con su casopl√≥n.","toleran, contra, casopl√≥n"
Aqu√≠ va una canci√≥n para todos y cada uno de los putos fascistas del PP‚Ä¶ Fuck You de Lily Allen,"putos, Fuck You"
"Est√° viniendo lo mejor de cada casa para mejorar el pa√≠s, sin duda alguna.",
Que cabron el que public√≥ la foto de los finalistas de master chefüò°üòÇüòÇ,cabron
qu√© bonito es ver a fachas rabiar dios me ahogo,"fachas, rabiar"
Cu√°nto facha de mierda en una menci√≥n voy a vomitar,"mierda, vomitar"
Pero sois periodistas o idiotas? A√∫n estando en catal√°n pone Franquismo!,"idiotas, Franquismo"
hay que ser hp para robar un zumo en alta mar.,"hp, robar"
La √∫ltima mamarrachada de EA es tremenda.,mamarrachada
"Es su cultura y hay que respetarla. Un abrazo desde Ronda, M√°laga.",
¬øVan a seguir con el mismo tema de los comediantes mediocres?,mediocres
no te sale bien el catal√°n prueba en franc√©s... chupala hijo puta üòÇüòÇüòÇ,"chupala, hijo puta"
Antes me como un whopper que decir algo bueno del subnormal ese,subnormal
Daros prisa. La memoria hist√≥rica de Carmena cambiar√° el nombre por el de cualquier payaso podemita,payaso podemita
"Ya ven√≠s en manada a quejaros, anda a tomarte una mArandina.   ","manada, quejaros"
son sus costumbres y hay que respetarlas..,
"Mamona, tengan la mierda que tengan ellos, lo nuestro sigue siendo igual de lamentable","Mamona, mierda, lamentable"
"Han quedado los √∫ltimos 'Gran mayor√≠a' Adem√°s de facha, tonto.","facha, tonto"
El dia que morais todos los fachas podre palmarla tranquilo ...,"morais, fachas"
No he le√≠do a una sola mujer quejarse de twitt solo a los de siempre....los machirulos fachas ...que asquito,"machirulos, fachas, asquito"
"Aqu√≠ Piatti que no met√≠a un puto gol y en el Espa√±ol, lleva ya unos cuantos, mam√≥n. ‚òπÔ∏è","puto, mam√≥n"
"Ahora pides asilo pol√≠tico HDP, ahora las escorias oficialistas pidiendo asilo que tal.","HDP, escorias"
"Encima cacho parguela te pones de gilipollas con ella, subnormal","cacho, parguela, gilipollas, subnormal"
"Que alguien se lo impida, que todav√≠a les quedan pensiones por pagar.",impida
y el drama con el guiri de mierda de seamus en eurovision super living,"drama, mierda"
"Cada vez, la situaci√≥n del pa√≠s est√° en la mierda la de mierd√≠sima #FreddyGuevaraTeCAGASTE","mierda, mierd√≠sima, cagaste"
Ghostt subnormal se nota a la legua que eres t√∫ el ... ‚Äî Mira como llora el puto bizco,"subnormal, puto, bizco"
tu respuesta dice que no crees que el catal√°n tendr√≠a que ser de obligatorio entendimiento. Eres un puto‚Ä¶,puto
"Lo tratar√© con el trato maricon, penca, discriminatorio como trat√≥ a varios de mis compa√±eros üòí VIEJO CULIAO.","maricon, penca, discriminatorio, VIEJO CULIAO"
no podia esperar a llegar a tierra para ponerse manos a la. obra,
"En ESPA√ëA tenemos un Gobierno PSOE-UP, asi que simplemente estamos DISFRUTANDO LO VOTADO.",DISFRUTANDO LO VOTADO
Hay gente d√°ndose cuenta de que Hamilton es imb√©cil en pleno 2020.,imb√©cil
No los vio el open arms,none
"Me gustar√≠a saber lo que t√∫ har√≠as, si te llegar√° a pasar a ti. Eres el t√≠pico charlat√°n de feria.",charlat√°n
Porque usted es un hombre de bien y con valores. Esos otros son alima√±as y 0,alima√±as
Un Catalan a clasificado al Bar√ßa Cabroooooonnn,Cabroooooonnn
"Jajajajaja turco, subnormal, cu√±ado e espa√±ol madrem√≠a.... PLENOOOO",subnormal
"Lo mejor, es que ya lo tenemos aqu√≠ y tenemos que mantenerlo en la c√°rcel, gracias",c√°rcel
"- Porque se que es la √∫nica forma que me visiten todos los fines de semana, borrachos malparidos","borrachos, malparidos"
Daniel has muerto o algo no te veo twittear como un subnormal,"muerto, subnormal"
"Pinche gobierno de mierda, no ayudan pero como estorban HDSPM.","Pinche, mierda, estorban, HDSPM"
"Los gallegos viejos, en gran parte, son basura franquista. Entre los j√≥venes ya hay mucha m√°s dignidad.",basura franquista
Muchas veces en sus carceles sobornan a gente y viven como reyes.,sobornan
C√≥mo estar√° el pa√≠s para que ni los moros quieran estar,moros
"Ah, porque se va y viene la hija puta. Est√°n haciendo el subnormal apagando y encendiendo","hija puta, subnormal"
"Son los mismos miserables de siempre, porque sera que siempre votan negativo a este tipo de noticias.......","miserables, negativo"
"Una paguita para ese hombre, que se ve con ganas de integrarse y aceptar nuestras reglas/costumbres.",paguita
"Eso no lo sabemos, puede que vinieran de peque√±os. Si es asi, expulsi√≥n.",expulsi√≥n
#YoSoyAnonymousUE basta de absurda represi√≥n victimista por parte del Estado Fascista,"absurda, represi√≥n, victimista, Estado Fascista"
Ahora tampoco respetar√©is la democracia fascistas de mierda???,"fascistas, mierda"
Y los otros haci√©ndose los traumados cuando no dudar√≠an en hacer eso mismo,traumados
"El hom√≥fobo #obispo de #Cordoba recomienda rezar m√°s en vacaciones [y follar menos, claro]. v√≠a","hom√≥fobo, follar"
Supongo que Perro le dar√° asilo en la Moncloa ,Perro
"al guadalquivir primooo! Sigue insultando por internet, que eres un gitano falso.","insultando, gitano falso"
Pero que mierda estas hablando subnormal de los cojones MAMAAAAAAAA GORDOOOOOOOO.,"mierda, subnormal, cojones, GORDOOOOOOOO"
"En Espa√±a los invasores tienen m√°s derechos que los espa√±oles, pura mierda trae Ebrard y L√≥pez.","invasores, mierda"
"La historia reconocer√° que fue el m√°s pelele , inepto e hijo de puta presidente de la historia .","pelele, inepto, hijo de puta"
"l√°stima que sea un fascista, un machista, un subnormal y odie Catalunya","fascista, machista, subnormal, odie"
Tanto que hablan de Pinochet y los gringos y estos hijueputas son iguales o peores.,hijueputas
Blocs y a otra cosa No le des publicidad al monguer,monguer
Puto perroflautas que man rayao el mercedes,"puto, perroflautas, rayao"
Puta prensa deportiva saliendo en defensa de un puto ultraderechista,"Puta, puto"
Asumen tu g√©nero por tu apariencia f√≠sica. Son unos fascistas transfobos y hom√≥fobos.,"fascistas, transfobos, hom√≥fobos"
... ‚Äî putos rojos de mierda macho,"putos, mierda"
"Qu√© bien. Hay que ver con los ingenieros, doctores y dem√°s cracks que nos llegan...",ninguno
"La democracia espa√±ola y la interpretaci√≥n libre de sus leyes en manos de fascistas. 6D, nada que celebrar.",fascistas
"Tu eres subnormal, no refinado, no confundas t√©rminos.",subnormal
"S√≠, para que lo suelten a la media hora. Alguien que hace eso s√≥lo aprende de una manera.","hace, s√≥lo, manera"
"Lagarder ya era un puto subnormal, solo que hoy quiere que quede patente.","puto, subnormal"
La patada JAJAJAJAJA MUERE SUBNORMAL üòÇüòÇüòÇüòÇ,"muere, subnormal"
Venga silenciame ya ver√°s t√∫ cu√°nto me preocupo SUBNORMAL,SUBNORMAL
"Muy despreciados,siiii,pero todos vestidos de alta costura espa√±ola o extranjera como la derechona burguesa verdad,‚Ä¶","despreciados, derechona"
Son sus costumbres y hay que respetarlas,none
"No busqu√©is m√°s, ya tenemos al tonto del hilo.",tonto
Con el Zumo no se juega.,
No te acerques que me tiznas le dijo la sarten al cazo... üòÇ Los m√°s fascistas de la izquierda,fascistas
"Pero pedazo de subnormal, prefieres a Charlotte antes que Lana.",subnormal
"Te lo llama hasta tu cu√±ado. Pero no sufras, ¬øqui√©n no tiene un mongolo en la familia?",mongolo
"Pues un h√©roe el que se bebi√≥ el zumo, de no haberlo hecho este estar√≠a vendiendo corbatas por los bares",vendiendo corbatas por los bares
Me acojona ver a la derecha rancia pidiendo #BoicotALosGoya M√°s incultura seguir√° formando fascistas como ellos... ‚ûïCine ‚ûñToros #Espa√±ist√°n,"acojona, rancia, incultura, fascistas, Espa√±ist√°n"
üö®üö® Los okupas causan graves disturbios en Santiago y el alcalde 'podemita' les respalda ‚û°Ô∏è  ASQUEROSO,"graves disturbios, podemita, ASQUEROSO"
te has equivocado de captura subnormal,subnormal
Pero el calentamiento global son COSAS DE HIPPIES Y PERROFLAUTAS,COSAS DE HIPPIES Y PERROFLAUTAS
T√∫ debes de ser un facha costalero del PPodrido.,"facha, PPodrido"
La derechona sale a dar una vuelta por Barcelona. v√≠a,derechona
Que ganas de que metan al peluo en la carcel por subnormalüòÜüòÜüòÜ,subnormal
"Mejores Autopistas?, Ese mancito G√≥mez d√≥nde vive?, Seguro es un sure√±ito Petrista üòïü§ò","mancito, sure√±ito"
ya esta el subnormal de luis enrique jodiendome apuestas sin poner a suarez,"subnormal, jodiendome"
"No a los politicos de mierda, nunca mas.",mierda
üö®üö® Los okupas causan graves disturbios en Santiago y el alcalde 'podemita' les respalda ‚û°Ô∏è  SON GENTUZA,"disturbios, gentuza"
imagina y todo fue por entrar con una maleta en un museo. Putos nazis,Putos nazis
Expulsado #Guillermo Un mamarracho Herrera üí©,"mamarracho, üí©"
"Ll√©venlos a prisi√≥n, y una vez paguen la condena enviarlos a su pa√≠s por deportaci√≥n.","prisi√≥n, condena, deportaci√≥n"
Otro espa√±olazo fascista coaccionando al pueblo catal√°n secesionista.,"espa√±olazo, fascista, coaccionando"
¬øY este subnormal qui√©n es?,subnormal
En la puta casa del chaquetero de Aliaga los tendr√≠an que poner,"puta, chaquetero"
Estas elecciones les van a venir de perlas a los fachas de VOX.,fachas
"Totalmente de acuerdo con la diputada, a esos c√°fres asquerosos que no los vayan a dejar devolver a Bogot√°.","c√°fres, asquerosos"
Seguro que era de pera-pi√±a. Es el √∫nico por el que yo matar√≠a.,matar√≠a
vete a un cajero mamon,mamon
"Le pega 16 tiros y le grita 'No te muevas', menudo subnormal.",subnormal
Ya empec√© con la depresi√≥n de mierda,mierda
cuidado con estos conspiradores de mierda,mierda
Qu√© mierda esa zozobra previa a los recortes de personal.,mierda
ya me han venido los 4 fachas de turno a tocarme los cojones,"fachas, cojones"
Qui√©n es este subnormal y por qu√© ha soltado semejante subnormalez?,"subnormal, subnormalez"
Qu√© peste a cul√© esta pillando la afici√≥n madridista...,peste
"Pues si es as√≠, que zorras que sois.",zorras
Cuando alguien intenta manipular de manera tan burda lo que provoca es asco. Miratelo.,"manipular, burda, asco"
"No pasa nada, √©l es el mas preparado y el mas valiente que ya lo decia la abuela Carmena.",
"Con Mokus y Fajardo, hay estos pol√≠ticos de mierda",mierda
"Mano, puto subnormal, dos veces te lo he tenio que repetir","puto, subnormal"
"√Årbitro de mierda, Conmebol de mierda.",mierda
Es asombroso el nivel de estupidez-robotizaci√≥n del adoctrinamiento progre.,"estupidez, robotizaci√≥n, adoctrinamiento, progre"
"es que no lo eres, es decir, qu√© m√°s da ser hetero, el problema est√° en ser retrasado xd",retrasado
Los mas valientes. Haz que pase!,None
"El gobierno de mierda, deber√≠a dejar de hablar hue√°s contra toda evidencia.","mierda, hue√°s"
"La jueza archiva la paliza de los trozos de mierda fascistas a Lagarder, porque la no entreg√≥ la denuncia","mierda, fascistas"
"Y lo bien que les va siendo fachas, que no es gratis",fachas
"Culpa de las mafias y lo progres follarefugees que hacen efecto llamada, nos quedamos sin 57 pensiones","mafias, follarefugees"
-Una directiva fracasa deportivamente -Unos monguers los votan para que sigan mandando -Los monguers se sorprenden d q fracasen #estapasando,"fracasa, monguers, fracasen"
"en una c√°rcel espa√±ola cuestan dinero, en su puta casa en Marruecos no cuestan ni un duro.",puta
"ufff eso es como construir puertas l√≥gicas con legos; se puede, pero est√°s haciendo el imb√©cil.",imb√©cil
"No, lo que parece de ese siglo es su puta bazofia de programa.","puta, bazofia"
Ni caso a los gilipollas como el  es un fascista de mierda,"gilipollas, fascista, mierda"
Pero que pedazo de retrasada,pedazo de retrasada
"Por cierto, donde anda metido el gusano comunista ese?",gusano
@ promosquevienen no se vayan de viaje de egresados con upgrade xq son la peor verga que hay:)),"peor, verga"
"Y como siempre los nacotes sin educaci√≥n diciendo groser√≠as, son los que est√°n en contra de este gran gobierno respetable.","nacotes, sin educaci√≥n, groser√≠as"
Jajaja.. Que simpatico el charnego.. Te vamos a votar a ti membrillo.,"charnego, votar, membrillo"
Est√° claro que el lobby proxeneta est√° bien organizado üëøüëø,proxeneta
Conclusi√≥n: Er Benni era un cabr√≥n facha que ayud√≥ a Trum,"cabr√≥n, facha"
jaja ok andate con la zorra esa chau olvidate de mi :),"zorra, olvidate"
PAMBISITOS dejen de responder a subnormales de mierda como √©ste.,"mierda, subnormales"
"Tiene que ser fake, no me jodas. Jam√°s volver√≠an a sus pa√≠ses.","fake, jodas, jam√°s"
a ti no catal√°n cabron jajaja! Esta champions es vuestra y del bayer xd,cabron
"Que algunos saqu√©is la bilis contra mi üòçüòç jajajajaja , monguers y gordos ...","bilis, monguers, gordos"
Le han dado por lo que habr√° robado antes y por lo que robar√° cuando salga del hospital.,"robado, robar√°"
Ve na cuando habla Mazzoleni que puta,puta
"Yo me quiero escapar tambi√©n, dan paguita al llegar?",paguita
"Pues s√∫bete tu a repararlo, maric√≥n",maric√≥n
Habla en espa√±ol catal√°n de mierda.,mierda
Y ahora me veo y parezco un Trump supporter. Putos nazis.,Putos nazis
"Origen patol√≥gico , delincuencial , usurpante , ilegal resultado delicuncial usurpante y patol√≥gico",patol√≥gico delincuencial usurpante ilegal
"Soy bioqu√≠mico y estoy trabajando para el Gobierno de Navarra... √°nimo, puto subnormal.",puto subnormal
"Menudos gilipollas. Como no, ten√≠an que ser los guardaespaldas de la nazi de Le Pen...","gilipollas, nazi"
#VivaElCineEspa√±ol porque me gusta y por patriotismo. A ver si os enter√°is pedazo de fachas.,fachas
Hacete cargo forro de mierda,"forro, mierda"
"Estos cr√≠os.... Qu√© pillastres..... Son unos terremotos los angelitos... Qu√© energ√≠a la de estos chicos... El futuro, son el futuro..... ",terremotos
Esa fascista JAMAS sera presi de !üòÇüòÇüòÇ,"fascista, JAMAS"
"Costumbres tercermundistas que disfrutamos ya en Europa gracias a nuestros pol√≠ticos progres, disfruten lo votado.","tercermundistas, pol√≠ticos progres"
Lo hip√≥critas que son algunos con el tema de ladder no tiene tama√±o AJAJAJ Vaya hip√≥critas de mierda ;),"hip√≥critas, mierda"
"Acojonante lo de la progres√≠a, pagamos una barbaridad por alojar escoria mejor con unos servicios que ya quisieran nuestros mayores","acojonante, barbaridad, escoria"
"He puesto 'culo' maemia, adem√°s de peque√±o, mongolo. üò≠","culo, mongolo"
Me cuesta creer que haya alguien igual de subnormal que Dalas.,subnormal
Como para no votar a Vox. Hijos de puta 300.000 con la que se nos vien encima.,Hijos de puta
"Pues si, es una puta mierda, DEP por ellos.","puta, mierda"
"pero este tio es un puto subnormal, o que le pasa?","puto, subnormal"
Hoy prefieren el arbitraje manual. La mano negra del puto alem√°n ladr√≥n.,"mano negra, puto, ladr√≥n"
"este chico es subnormal, confirmed",subnormal
Es lo m√°s seguro que pase eso didac puto catal√°n,puto
Aprende el significado de mayor√≠a parlamentaria subnormal,subnormal
"Con periodistas de mierda, con empleados de mierda.",mierda
Me rio de ti jajajajajajjaja fascista a la cueva,fascista
"Lleg√≥ la racista maleducada, odias mi castellano al igual que a Espa√±a y los espa√±oles, supremacista arruinada y avergonzada","racista, maleducada, odias, supremacista, arruinada, avergonzada"
Por 'Crush' os refer√≠s a putas chonis?,putas chonis
"Que bronca cuando est√°s jugando al FIFA y ponen pausa para responder los msj, que trolo man","bronca, trolo"
Pobre tarado que no sabes lo que dices .... pobre tarado,tarado
Eres tarado o que pasa #hackmeseb,tarado
Que manera de perder la cabeza por un zumo.,perder la cabeza
es a cuartos de final subnormal,subnormal
"Hombre... a mi me tocan mi zumito y tambi√©n arranco cabezas, hay cosas que hay que respetar.",arranco cabezas
y encima esqe eres mu puta,puta
da cobertura a terroristas de #Venezuela La deriva fascista del  y sus medios es muy preocupante. #ConElFranquismoHemosTopado,"terroristas, fascista, preocupante"
Ese buen hombre por lo menos pagar√° 7 u 8 pensiones. Es el m√°s valiente sin duda.,
Y deportar a la escoria es parte de las leyes. Si para ti eso es justicia medieval haztelo mirar.,"escoria, medieval"
Lo que est√° claro es que t√∫ sigues siendo un operador pol√≠tico totalmente parcializado. Asco,asco
Menudo ba√±o te est√°n dando peque√±o dictador! üëèüëèüëèüëèüëèüëèüëè,dictador
La esposa no solo hacia lofts sin licencia sino que ni siquiera ten√≠a la carrera de arquitectura. Detalles sin importancia.,"sin licencia, ni siquiera, sin importancia"
deja de tirarte abajo hija d re mil puta,puta
Supongo que el subnormal de  estar√° llorando porque Benzemierda no ha sido titular y Cristiano ha marcado.,"subnormal, Benzemierda"
"Te gustan los ni√±os,fascista de mierda?",mierda
Gran puta estos chinos de mierda vinieron a arruinar mi a√±o üò≠,"puta, mierda, arruinar"
No han dicho ya que vienen los mejores y los mas preparados?,
"Si, esa es la que os gusta a los fachas. Menos mal que sois cuatro gatos.","fachas, cuatro gatos"
"Los de ahora son un infierno pol√≠tico y social, ocasionados por pol√≠ticos fan√°ticos","infierno, fan√°ticos"
Los mejores y los m√°s valientes.,
Yo voy a hacer #BoikotalosGoyas viendo la gala üòÇüòÇ Que pa√≠s de fachas!!!,fachas
"El chepas acaba de solucionar el problema de la inmigraci√≥n, ahora vendr√°n los de Vox a tocar los huevos...",tocar los huevos
Como les gusta el afeitado en seco a esta gente.,ninguna
"No pasa nada, al bajar dice que tiene 14 a√±os y a vivir la vida midugis juejuejejejeuejjejj",nada
"a ver eso se elige, no es natural... Vas a arder en el infierno por sodomita.","arder, infierno, sodomita"
"subnormal que no sabes de f√∫tbol ni de nada, eres un periodista de pacotilla.... üòã","subnormal, pacotilla"
La justificaci√≥n pedorra JAJAJAJ mejor no te defiendas ü§£ü§£,pedorra
Pero siguen estando ah√≠ y recibiendo subvenciones de la ilesia y del estado FASCISTA,estado FASCISTA
"Queremos m√°s dominicanos y m√°s moros, S√°nchez trae m√°s.!!!!",moros
solo 4? maldito hijo de puta fascista,"maldito, hijo de puta, fascista"
por favor dejad en paz a mi amiga la subnormal de mierda,"subnormal, mierda"
"Y una mierda. Vox dice fuera a la inmigraci√≥n ilegal que comete delitos, y de ah√≠ no pasa.",mierda
¬øA qu√© puta perra hora suben el link de #HTGAWM?,"puta, perra"
Trump provocando como un macarra de pacotilla   v√≠a,"macarra, pacotilla"
"me parto eh jaja es que vaya subnormal enserio, esta sobrevaloradisimo este actor.","subnormal, sobrevaloradisimo"
"Otro d√≠a de mierda, en √©ste mes de mierda, de √©ste a√±o de mierda",mierda
ME JUEGAS PUTO RETO O COMO VA LA COSA PUTO RETRASADO,"PUTO, RETRASADO"
Putos rojos de mierda subvencionando con 40 millones algo tan innecesario como la cultura #BoicotAlosGoya,"Putos, rojos, mierda, innecesario, boicot"
Ya te he respondido subnormal,subnormal
"Tranquil√≠zate t√∫, ya que se supone que eres analista deportivo, no comediante o payaso, aunque a veces parezca lo contrario.","comediante, payaso"
La puta que frustraci√≥n .,puta
"Lee mongolo, lee. Deja de dar pena","mongolo, pena"
¬°Es que hay zumos y zumos!,None
"S√≥lo me hacen encabronar, no debemos nada a Centroam√©rica ni los invasores para regalarles dinero.","encabronar, invasores"
Fuentes del gobierno me comentan que hay que aumentar el altavoz para llamar a que vengan mas a intentarlo,n/a
"Y los mejores, y los m√°s valientes. La vieja dixit",vieja
Los Reyes Magos JAJAJAJAJAJAJAJAJAJAJAJAJAJA  Puto retrasado #TierradeNadie10,Puto retrasado
jaja eso es mejor que ser maricon o comunista,"maricon, comunista"
Lo que est√° claro es que ha llegado un ladr√≥n menos.,ladr√≥n
Jueves con J de mierda,mierda
"Ah√≠ ah√≠, protegiendo a tus ni√±os. A los mejores. ¬øA cuantos tienes metidos en casa?",metidos
nonono este 2020 se anda pasando de verga,verga
Los mierdas de ABC haci√©ndole campa√±a al Fracking.,mierdas
¬øa que sigues los pasos del poeta maricon?,maricon
Dale la vuelta a la camiseta y tienes el 6 del 6-1 de la REMONTADA MAM√ìN!!!,MAM√ìN
"Solo vienen los mejores, los m√°s valientes",
En el fondo me alegro por el subnormal de Emery.,subnormal
hijo de puta subnormal cabeza de polla gilipollas mental zoquete,"hijo de puta, subnormal, cabeza de polla, gilipollas, mental, zoquete"
Gobierno de mierda,mierda
VIEJA PAYASA....................................... APARTA TU MIERDA DE MI MIERDA..................................... NO ME SEAS LOCA,"payasa, mierda, loca"
Por que chingado los de Facebook tuvieron que hacer otra app para poder contestar mensajes üò°,chingado
Nose que esperan para cerrar toda esa mierda,mierda
"A los machistas no les da miedo el feminismo, (muy machos ellos). Simplemente lo desprecian,.¬°Imb√©ciles!.","machistas, desprecian, imb√©ciles"
Como puede ser un icono feminista una facha como ella?? üëÄ estamos locos o qu√©?,"facha, locos"
"Basta ya hijos de las mil putas. Est√°is agotando a la Afici√≥n, lo √∫nico digno que queda en el club.","hijos de las mil putas, agotando"
"Para el podemitariado y los lobotomizados del noreste espa√±ol, Cristina Pardo tambi√©n es facha.","podemitariado, lobotomizados, facha"
Me confirman por aqu√≠ que mi padre es subnormal.,subnormal
Mire la saga de 50 sombras de Grey...casi todo eran.lectoras...les va el.morbillo no lo.nieguen,morbillo
"This. Que puto asco de respuestas, sois repulsivos","puto, asco, repulsivos"
"Solo la fe, el dogmatismo y la estupidez te pueden hacer votar a un elemento como este #SanchezVeteATuCasa","dogmatismo, estupidez"
Hay un puto subnormal pitando en mi calle todo el puto rato,"puto, subnormal"
Dios mi madre es subnormal en serio,subnormal
Un caracol inv√°lido es m√°s r√°pido que esta internet de mierda,"inv√°lido, mierda"
Aqu√≠ lo acogemos con los brazos abiertos y le damos una paguita vitalicia.,paguita
"tienen cojones pero huyen para que otros les REGALEN LA VIDA, un poco contradictorio no?","cojones, huyen"
"Pero que putas, maldita tensi√≥n rara entre Jaime y Brandon #GameofThrones #JaimeLannister","putas, maldita"
Creo que deber√≠an explotar este pa√≠s de mierda,"explotar, mierda"
El tonto de FC. ¬øCon el PP no se pod√≠a abortar?,tonto
Quien putas es Juan Sebasti√°n?,putas
"ha habido 6, no 5, 6.... Guti Guti Maricoooon, Maricoooon Maricoooooooon",Maricoooon
"Lo que no se es como no pone varias lineas de ferry, 2500 pavos cada uno y llenan.",pavos
",, pin pon , todos los rojos delincuentes en sus ejercicio  ..",delincuentes
Ya empiezan los sinverg√ºenzas..  No faltes al respeto Rumano de mierda..,"sinverg√ºenzas, mierda"
"Que alg√∫n shur se ofrezca a llevarlos gratis, no vaya a ser que el precio sea un impedimento para nadie",impedimento
JAJAJAJAJJA Hostia puta que bueno JAJAJAJAJAJA,Hostia puta
Tantos les cuesta entender simios de mierda,mierda
"Mejor obedecer a Soros que ser como VOX , el lacayo de Vladimir Putin ",lacayo
SALVEMOS A ESE ANIMAL DE LAS GARRAS ASESINAS Y FASCISTAS YA,"asesinas, fascistas"
"Perd√≥n, que elite de mierda",mierda
"Israelitas, chinos, moros, cul√©s... as√≠ estaba el Bernab√©u ese d√≠a, que daba entre pena y asco.","pena, asco"
menudos fachas xDDDDDDDDD HIJOS DE PUTA,"fachas, HIJOS DE PUTA"
Segurola es un subnormal desde el minuto 1.,subnormal
Empiezo a sospechar que los traperos quieren competir con los youtubers para ver que grupo es m√°s subnormal.,subnormal
"Deber√≠a darte verg√ºenza ofender las creencias de otras persona, intolerante fascista.","verg√ºenza, ofender, intolerante, fascista"
Celebrando mas feliz una victoria del Barsa que una del Sevilla... Este subnormal no me representa como sevillista,subnormal
ahora ser liberal es de retrasado? pues eres un poco hipocrita y tonto amigo,"retrasado, hipocrita, tonto"
¬°Ese es mi Trump! üá∫üá∏Que vean la galamierda los giligoyas y rojeras de los veinte duros ¬°A mamarla!,"galamierda, giligoyas, rojeras, mamarla"
Que arrechera esta econom√≠a de mierda,"arrechera, mierda"
Pura supervivencia. Me pones en riesgo? Te mato.,matas
"As√≠ act√∫a la propaganda de la izquierda, como cualquier rancia dictadura","rancia, dictadura"
"Los mejores, los m√°s valientes y preparados.",None
"Te quisiste Imponer Malparido INDIO ESCORIA üëàNo Pudiste, La reuni√≥n va En la OEA.","Malparido, INDIO, ESCORIA"
Yo quer√≠a ser main puta pero listisima para lo que se viene,puta
"lo que es curioso es que todos los imbeciles que llevan bandera podemita demuestra ser imbecil,con nota","imbeciles, imbecil"
"Ojal√° no salga por ah√≠ alg√∫n juez de esos pendientes de joder todo a poner su demanda, asquerosos oportunistas üñïüëé","joder, asquerosos, oportunistas"
Luego si empiezan a aparecer los cad√°veres de esta basura alguien se echara las manos a la cabeza.,"cad√°veres, basura"
Manda cojones que nos meta gol el subnormal de Paco Alc√°cer....,"cojones, subnormal"
"En 2013 Dalas ya se sab√≠a que era retrasado, que cojones?!","retrasado, cojones"
Luego se queja Neymar... valiente subnormal.,subnormal
Los canis del 2000 y posteriores son a√∫n m√°s gilipollas que los anteriores.,gilipollas
"Viene a currar como el que mas, se le ve",currar
"6 a√±os ha tardado en mostrarse el tarado mental m√°s grande, bravo üëè",tarado mental
ya ves adem√°s a los polic√≠as nazis que tendr√° esa en el whatsapp‚Ä¶ como para creerse algo.,nazis
"Son nuestros ni√±os... ah no, que uno tiene 41 a√±os. Da igual, son nuestros j√≥venes.",Da igual
"En catal√°n se escribe Espanya. Para d√°rselas usted de ser periodista, no tieene usted puta idea de escribir.",puta
por desgracia a√∫n no entregan Goyas por el simple hecho de ser subnormal. Deber√≠an empezar,"por desgracia, subnormal"
A saber cuantos imb√©ciles recibieron dinero y sin hacer una mala pel√≠cula siquiera.,imb√©ciles
"No se si me seguir√° alguien cat√≥lico, si es as√≠, siento que seas tan ignorante.",ignorante
Cosas que me regala mi encargado marica dici√©ndome que es el minion de las BOLLERAS:,"marica, BOLLERAS"
Sin duda y durante los pr√≥ximos meses con un email solucionan si no les llega,
"Haz que pase ya Pedro por Dios, porque a m√≠ se me est√° haciendo eterno.",eterno
"Ser√° puerta abierta , in√∫tiles fascistas embusteros miserables,no?","in√∫tiles, fascistas, embusteros, miserables"
eso que llamas pol√≠tico del  no es un pol√≠tico es un ¬®miserable profesional¬®..,miserable
No hay que indicar ni√±a blanca espa√±ola ni nada? ,nada
A esosmoros hay que echarlos pero ya.O los politicos hacen algo o la gente tendra que actuar,"esosmoros, echarlos"
"Tu lo que eres es subnormal, punto.",subnormal
Quien putas est√° RT esa mierda ?,"putas, mierda"
Responde carajo ganster de mierda.,"carajo, mierda"
no soy del Celta subnormal. Ves como eres retrasado...,"subnormal, retrasado"
"Si ese magrebi hubiera estado en su pais, podriamos haber evitado ese hecho.",magrebi
Y el mam√≥n se vuelve a Par√≠s con dos palmos de narices,mam√≥n
"ese t√≠o no es un delicuente, en su cultura mayormente est√° admitido, lo que es, es un hijo de puta","delicuente, hijo de puta"
Si fuese verdad se lo estar√≠a pagando el gobierno y les dar√≠an una paga para que no tengan problemas econ√≥micos.,problemas
pues con lo puto retrasado que eres podr√≠a ser,"puto, retrasado"
"Cortocircuito buenrrollista, pobres inmigrantes vs chica atacada sexualmente.","pobres, atacada sexualmente"
"callate ya, subnormal, admite el PARTIDAZO como todos los madridistas, no que por rabia digais que ha sido robo, penosa.","callate, subnormal, rabia, robo, penosa"
"Que asco da la gente hom√≥foba, COMENTO. ‚Äî MUCHO ASCO",asco
Nunca sean as√≠ de mierdas.,mierdas
C√≥mo me alegro de la remontada por todos los madridistas insoportables y por el subnormal miarma de Emery!!,insoportables subnormal miarma
"Si controlan mucho porque son dictadores, si no controlan son pelotudos.","dictadores, pelotudos"
"Potencialmente S√°nchez es el que m√°s da√±o puede hacer, primer psicopata que llega a ser presidente en Espa√±a.","da√±o, psicopata"
"se tiene q ser subnormal profundo, pero como dice este es la nueva manera de hacer periodismo. Pues ala",subnormal
"Yo lo se, los mismos fascistas corruptos ladrones que estan acabando con la Civilizaci√≥n en la Tierra",fascistas corruptos ladrones
Jajajajajaja que Martin de mierda,mierda
"Donde esta el venezolano de mierda, donde",mierda
Por encima de la libertad de expresi√≥n est√° la libertad de callarse para no decir gilipolleces sin sentido,gilipolleces
Ya dec√≠a yo que ve√≠a menos moros,moros
"Desde que los nazis falsificaron billetes en los campos,este es el peor ataque a la economia de un pais",nazis
"Estos fascistas de la oposici√≥n venezolana, y sus achichincles en Espa√±a, tienen la suerte de que no somos como ellos.","fascistas, achichincles"
Que red social de mierda,mierda
"Cogiendo el testigo de su colega, el mongolo Roncero. Vaya paga que tienes, carajaula","mongolo, carajaula"
"Este va para casa de que politicucho? ya esta adjudicado, o se lo rifan?",politicucho
"Hable como Hern√°ndez, ya sabemos que podes hablar mierda en ese canal, NARCO ¬øSeguridad?","mierda, NARCO"
Ahora me leo la secta que seguro que amplian informaci√≥n,secta
"Vaya, el VOXtarra guardia que se da por aludido.",VOXtarra
Disney se est√° riendo en vuestra puta cara,puta
Buena gente acogemos en nuestro pa√≠s. Traen lo mejorcito de la cultura de su pa√≠s.,
Quien me mando a hacerme este aro de mierda üò≠,mierda
te he respondido 2 veces como un subnormal xDDDDDDDD,subnormal
"Me baje la discografia de Jeffree Star porque me representa: Una mierda, pero fabulosa.",mierda
Hay que ser muy cara raja de pedir paz si no hay justicia,cara raja
Estamos de acuerdo que el terer√© le rompe el orto al mate?,"rompe, orto"
Y acaba de cagar... DONDE NO TIENE QUE HACERLO!!!!!!!!!!,cagar
Mis ganas de seguir se est√°n yendo a la mism√≠sima mierda.,mierda
Despu√©s de estos d√≠as te llamar√°n el Le√±ador: Palo q ves palo que tumbas,tumbas
"a juzgar de las m√∫sicas new age que clavaron los vecinos, los hospis est√°n posta de ayahuasca.",clavaron
"Che cuando sea presidente , se van a querer cortar un huevo jajaja!",cortar un huevo
Por todos nuestros compa√±eros que se han suicidado con esta carrera de mierda üòîüòî,mierda
A mi algunas veces se menstrujan los huevos con los vaqueros ajustados.,"menstrujan, huevos"
Storm es una hijaputa de cuidado.,hijaputa
se ve como una mierda la foto perooo,mierda
estoy tan hasta la polla que cada dia me la suda todo un poquito mas,"polla, suda"
BBC le hace un trolleo √©pico,trolleo
yo no entiendo como les puede gustar este frio de mierda,mierda
sisi una cagada q nosotros estemos en 40tena hace mil meses pero hay pa√≠ses q no ?,cagada
LO LINDA QUE ES NUESTRA CHOMBA LA PUTA MADREEEEEEEEEEEEEEEEEEEEEEEEEEEEEEEEEE,PUTA
üòÇüòÇüòÇüòÇ este hijueputa como sue√±a.,hijueputa
Ojal√° nadie compre ni mierda.,mierda
"Y alguien puede pedir que John Constantine lo interprete el pato Donald, pero eso no significa que tenga sentido.",ninguna
"Y quien dice que no los ayuda, chavalin????????????",chavalin
Que buena es una puta pasada de serie #ARDEMadrid,puta
no se haga el marica con esa ridiculez de trino.,"marica, ridiculez"
Que manera de cagarla wacho üò©üëéüèº,cagarla
"tengo una intensidad al extra√±ar a candela, pk mierda esta lejos?",mierda
Fav si fuiste al Western a comer pizza y terminaste ebrio :(,ebrio
el chico este no tiene contacto ?CO√ëO luego el AT Madrid amenazas con denuncias,"CO√ëO, amenazas"
"bueno, tambi√©n ser√° porqu√© nada cabrea m√°s a un ultranacionalista que otro nacionalismo intente violar su integridad territorial.","cabrea, ultranacionalista, violar"
lo puto guapa que va hoy Natalia??????,puto
La cancion agua es la mamada,mamada
"La cagada de siempre retrocer la pelota pasado ya el medio, que puta crj","cagada, puta, crj"
Ganale al que no gana una copa la puta que te pari√≥ üòÇüòÇüòÇ,"puta, pari√≥"
Deja de molestar xq te voy a mandar al jefe q Te pegue gil,"molestar, pegue, gil"
Que muchos pelotudos habitan esta aldea,pelotudos
como salgamos del corona virus y luego nos mate un meteorito me voy a cagar en todos los dioses,cagar
MEDIA HORA PARA ESCRIBIR ESTA MIERDA ESTUVO AMY,mierda
Este si que es un verdadero chupasangre del dinero de nosotros.,chupasangre
"QUE TE DIERON DE COMER CUANDO CHICO, MIERDA?",mierda
Nunca en mi puta vida me va a pasar,puta
Ese se√±or no es Colombia no sea idiota.,idiota
Bueno nojoda que pasa aqui pues?,nojoda
"este internet q anda del orto, nunca m√°s me llego un mensaje tuyo",orto
"Mierdaci√≥n como escriben de mal los titulares, el encabezado, el primer p√°rrafo.",Mierdaci√≥n
dios podes hablar bien la concha de tu madre,"concha, madre"
"cuando a la derecha rancia le recuerdan lo rancia que son ,siempre sale alg√∫n pepero rancio con pelazo quej√°ndose","rancia, pepero, quej√°ndose"
Gran zasca al bolivariano Jordi Caca √âvole,"zasca, Caca"
k stoy haciendo con mi putavida mencantaria saberlo,putavida
"#SpainIsAFascistState ,cuanto nos queda por limpiar en este pais lo copan todo hasta las televisiones","fascist, limpiar, copan"
Contigo el pedo se hizo agresivo r√°pido.,"pedo, agresivo"
"Como dice el preclaro compa√±ero An√≠bal, sencillo fan asco.",asco
Lo puto guapas que van todas hoy??????,puto
"Udec culia se demoran ene en sus tr√°mites culiaos, vale pico!","culia, culiaos, vale pico"
"ERA PARA QUE VAYAS A COMPRAR MANDARINAS EN JONATHAN, NO A CANTAR CON LA CAZZU.",NO
"JAJAJAJAJAJ qlq valeeee, maldito muchacho mongolico.","maldito, mongolico"
‚àß_‚àß „ÄÄ„ÄÄ („ÄÄ¬∞O¬∞) „ÄÄ Ôºø|„ÄÄ‚äÉÔºè(ÔºøÔºø_  Ôºè„ÄÄ‚îî-(ÔºøÔºøÔºø_Ôºè  Aaaah que no me habla la cabrona.,cabrona
Hay qur ser bien CTM para andar tirando molotovs en cualquier lugar,CTM
"Ya es dia 9: Mira, , eres imb√©cil. Un imb√©cil muy listo que quiere sacar tajada de ridiculizar el feminismo.","imb√©cil, ridiculizar"
No sabe ni nada el cabr√≥n xDDDDDDDDDDDD!!,cabr√≥n
Hoy m pongo empedo o ke?üíÉüèº,empedo
Pero como yo estoy solo que no llueva ni mierdaa,mierdaa
y si sigo durmiendo y le dan x culo al trabajo???,culo
Putas que me hace reir este huaso bruto del Prudencio #AquelarreTVN,"Putas, bruto"
PDT: Hoy todo el mundo comentado con #RepescaHugo porfa.,
me paso de pendejo neta,pendejo
Matem√°ticas me va a coger siempre?,coger
Me acabo de acordar de que el otro d√≠a le dije No boludo!,boludo
#CepedaDestruyoPruebas eso es mucha rata tan hijueputa.,"rata, hijueputa"
"Partido de los llamados feos, de los de no poder cometer el mas minimo fallo, concentracion y desgaste.","feos, fallo, desgaste"
Que co√±o tiene oculto el hermano de este ahora????,co√±o
Que cancion pedorra no la banco masaaaas,pedorra
me encanta la puta UNION que hemos tenido todo Twitter para hacer favorita a Maria #OT18Gala4,puta
"AHHHHHH POR ESOOO TE VAS, MALDITAAAAüò°ü§¨",maldita
A esos mamertos ifueputas hay que darles es duro y donde m√°s les duele.,mamertos ifueputas
"No es la m√∫sica kpop, son las armys que a mucha gente les da por las pelotas.",les da por las pelotas
Un me suda la polla suele esconder un me duele,suda la polla
Que alguien me explique que mierda hice xq ni yo entiendo,mierda
Te podes mandar todas las cagadas del mundo pero te voy a elegir a vos siempre,cagadas
crush mi boca no se va a besar sola no se a que cojones esperas,cojones
No querer culear con cualquiera.,culear
Yo el culo asiq juntemos Plata,culo
Putos o√≠dos ten√≠an un tiiiiiiiiiiiiiii hijoeputa casi muero,"putos, hijoeputa"
En ves de estar debatiendo ayudas para el peque√±o y mediano empresario estamos con la gilipollas del luto oficial.,gilipollas
"Hijos de puta, encima el pulgar, yo directamente los expulsaba o les prend√≠a fuego","Hijos de puta, expulsaba, prend√≠a fuego"
"She-ra, temporada 4: todo se va a la mierda.",mierda
Por que le pinche molesta a mi pap√° que me levante a las 2 de la tarde ?,pinche
estos personajes cometieron un crimen y se rajaron... refugiados las bolas,"cometieron, crimen, rajaron, bolas"
Tienen de CM al hioputa de Mr Wonderful,hioputa
no os da como puta rabia que gente asquerosa tenga pareja y vosotros no?,"puta, rabia, asquerosa"
Creo que empezar√© una relaci√≥n seria con la comida y me importa una mierda si me engordo m√°s.,mierda
"Espejo P√∫blico y Susana Griso, portavoces de fascistas.",fascistas
"Lo que indigna m√°s son los llantos fariseos, las declaraciones hip√≥critas, las amenazas furibundas... todo para que todo siga igual...","indigna, fariseos, hip√≥critas, amenazas, furibundas"
"Porque estamos esperando a que subas t√∫, mam√≥n.",mam√≥n
Que no me aconseje nadie co√±azo que me lleve el diablo a mi,"co√±azo, diablo"
no tengo los suficientes ovarios para decirte el polvo que te echaba,"ovarios, polvo"
üòÇüòÇüòÇüòÇüòÇüòÇ este ose se la mandaaaa üòÇüòÇüòÇüòÇüòÇüòÇ nose si se duerme x el olor a chivo o qeüòÇüòÇüòÇ,olor a chivo
Hacia una segura coalici√≥n con el infierno marchamos ¬°¬°aqui nos hundimos!,"infierno, hundimos"
Camila con celos y yo cagada de la risa porque s√∫per x ü§∑‚Äç‚ôÄÔ∏è,cagada
los que no entend√©is la iron√≠a y las co√±as llevadas al extremo mol√°is 0 hermanus,ninguna
Toca coger la circunvalar pero por los pedacitos de bajada.,None
Pq chucha no puedo dormir con calcetines!!,chucha
"Se picoooo esta mierda, TE AMO IARUUUU",mierda
Tan f√°cil echar culpas al gobierno y ustedno hacer un culo.,"culpas, culo"
"Algo le habr√°s dicho, el mongolo no bloquea por bloquear.",mongolo
Confirmado merezco el al infierno jajaja,infierno
Igual te puedo cagar a pi√±as y despu√©s te rasco,cagar a pi√±as
"Y el otro subnormal se pira de casa por que si, a ver que mierdas hace por la calle.","subnormal, mierdas"
#APetroLeDigo que es un teterahijueputa.,teterahijueputa
"Wooooowwww premio a mejor hilo sin duda, pinch√© dec√°logo de lo m√°s pendejo","pinch√©, pendejo"
Pinche Guanajuato ya no seas tan conservador.,Pinche
"dioss m da verguenza cuando comentan eso,, se quedaron en 2018",verguenza
Bad Bunny qlo como mierda dice que no va a salir nunca la canci√≥n con Zion y Lennox üò®,"qlo, mierda"
un d√≠a m tienes comiendo d tu mano y al otro pasando d tu puta cara,puta
#TN Felicito al gobernador Morales Por encerrar a los estupidos!,estupidos
"Amores bellos, si tienen algo lindo con una persona, ¬øpor qu√© insisten en cagarse todo metiendo terceros a la relaci√≥n?",cagarse
Yo de periodista hacia rato lo habr√≠a mandado para la mierda hace rato,mierda
Mi culo se mueve solo,culo
"Yo pensaba que Cam4 era un restaurante, ahora entiendo todo, maldita sea.",maldita
La Corte y nada la misma huevonada,huevonada
"pero cerra el orto, que te pensas que los mato yo a los animales, o que los matan por diversi√≥n?",cerra el orto
me apetece dormir en un hotel con alguien y por la ma√±ana ponernos hasta el culo de comida,culo
#DebateArg2019 #AlbertoPresidente es indignante hablar de pobreza dice el pelotudo????,"indignante, pelotudo"
- ¬øEstar√≠as con un chico con co√±o?,co√±o
Me he sobao y me he perdido el rid√≠culo del Valencia,rid√≠culo
Aparece cuando quiere la yeguaaa,yeguaaa
Que puta... como se nota que mario ferreiro est√° sin laburo.... cortenle el tw,"puta, sin laburo"
"Good, mute him AMARGADOS DE MIERDA, es un puto genio.","AMARGADOS DE MIERDA, puto"
soy una puta gorda y solo quiero ir a las cenas/comidas de Navidad para comer y engordar 14kg,"puta, gorda, engordar"
Definitivamente para ir a mall o andar por Santiago hay que tener un water del a√±o 90 y bien oxidada.,oxidada
"los mas valientes, los mejores, los mas preparados vienen a pagarnos las pensiones daga en mano",daga
soy una sensiblona x muchos cojones q tenga,cojones
Pollo de mi vida haceme pollitos la puta madre!!!,puta
Hoy d√≠a la ley de memoria hist√≥rica considera a esta v√≠ctima del Frente Popular un golpista.,golpista
esaes dadme mi sobre de 125 cabrones xddddd,cabrones
"Que gente idiota la que sigue saliendo a la calle dios, no se quieren ni un poquito",idiota
¬øY qui√©n cojones es ese?.,cojones
A nadie puta le importa quien carajos muere por un drag√≥n.,"puta, carajos"
Por eso lo siguen los maricas,maricas
Vamos a tirarle el v√≠deo al gilipollas este 1.,gilipollas
Si fuera de La Pincoya se estar√≠an pidiendo las penas del infierno y juzgando a todos.,"penas del infierno, juzgando"
"Con esas demandas, le toy creyendo al innombrable eso de que no tiene ni un fkn real.",fkn
Que mierda no poder soltar una persona a pesar de todo lo que te hizo.,mierda
man soy r autoexigente q hincha pelotas,hincha pelotas
Estoy hasta los cojones de vivir sintiendo que soy una basura como para que a√∫n encima me lo recuerden constantemente,"cojones, basura"
"Gir√≥n, monumento nacional (al tap√≥n tan hijueputa que se forma desde el Palenque hasta Caneyes) a esta hora.",hijueputa
Uribe tiene huevas de plomo y nadie le da la talla.,huevas de plomo
JAJAJAJA te amo hist√©rica de mierda,"hist√©rica, mierda"
yo quiero hacer una paja a mano cambiada contigo ( live on ),paja
- ¬°Ya c√°llate pinche Pedro!,"c√°llate, pinche"
La avispa es la cabreada que no come para no engordar.,cabreada
"As√≠ luego entran en patera, dan otro nombre, y tienen otra paguita","patera, paguita"
Que no lo sigo y se quien co√±o son todos.,co√±o
"yo sab√≠a que algun pelotudo/a iba a comentar esto jajaaj, deggggggame en paaaaaaassssssssssss (sartenaso)",pelotudo sartenaso
quiero follar y dormirme abrazao,follar
Joder que partidazo de los Wolves en Anfield.,Joder
DE RAZON ESTE PAIS VA DE CULO PARA EL ESTANCO CON ESTOS PETARDOS.,"de culo, petardos"
dios me siento para la mierda puede alguien de stray kids aparecer porfaüòû,mierda
Ya vi a Vicent Janssen haci√©ndosela de pedo al Chupete Suazo por quien es el n√∫mero 1.,pedo
Un poco guarrilla y con ganas de llamar la atenci√≥n de forma desmesurada.,"guarrilla, desmesurada"
"No entiendo la gracia de este programa, est√°n en bolas recorriendo una selva con un mont√≥n de animales venenosos","bolas, venenosos"
yo digo que toca hacer un getsito en el hospe y descabronarlooüçª,descabronarloo
El muro de la infamia o El muro de los tetrahijueputas.,"infamia, tetrahijueputas"
Oye que mierdas le pasa a Alba en las galas :(((?!?!?!,mierdas
La gente es tan cabrona a veces,cabrona
Te habl√© puta de mierda,"puta, mierda"
El facha pastrana no tiene ni amigos. Pobret.,"facha, pobret"
"Que no es abidal joder, que es Bartomeu, abidal es solo un peon mas.",joder
Se me fue el sue√±o a la mierda,mierda
Que puta hacia el final el mismo le pasaba a los de mineiro jajajaj,puta
Malditos de Nintendo y su man√≠a de no rebajar nada juegos que tienen a√±os ya,"Malditos, man√≠a"
soy la √∫nica a la que no le hace gracia esta mierda??,mierda
Porque hay mucho tarado en est√° red.,tarado
Jajajajaja que gorda lechera hasta cuando con esos videos,"gorda, lechera"
En verdad es irme a la chucha de chile jiji,chucha
QUE LINDO SER DE ROWING LA PUTA MADREEüîµ‚ö™Ô∏è‚ô•Ô∏è #qlsr,PUTA MADREE
"Vieran que feo se siente, el andar sufriendo por un mal de amooooor","feo, sufriendo, mal"
feliz porque hoy se come mantecol hasta empalagarse,
xupala subnormal! Ahora aprenderas a callarüòò y otra vez siga mamandolaüòò,"xupala, subnormal, callar, mamandola"
"SOS UN HIJO DE PUTA, no tenes sentimientos","hijo de puta, no tenes sentimientos"
"Esto hace falta en Paraguay, no la cantaleta amariconada de DDHH de muchos pol√≠ticos.","cantaleta, amariconada"
Hacer da√±o a un ser vivo deber√≠a estar penado joder.,"da√±o, joder"
Xq no me contestabas maldita,maldita
me voy a secar el pelo asi me lo plancho auq me de re mil paja,paja
Te acordas que existo pendejo de mierda üò°,"pendejo, mierda"
"Haber s√≠ as√≠ aprenden de historia los cagones, y dejan de alabar a las Farc",cagones
Toy tan en la m√≠a que si me vienen a joder me les r√≠o,joder
"Porque hay alerta roja, subnormal!!!! Este t√≠o es tonto, JODER!","subnormal, tonto, JODER"
Algo m√°s rid√≠culo que andar contando con quien te hablas?,rid√≠culo
Pobre hijueputa mala agradecida quiere todo para ella gratis y los dem√°s departamentos que se jodan,"hijueputa, mala, jodan"
No quiero follar contigo porque me da igual lo que me lo digas.,"follar, me da igual"
Se me cae un huevo encarar a la practica üò©,cae un huevo
Terminar√© borrando todo y me ir√© bien a la chucha.,chucha
Para que echan pirotecnia üéáüôÑ si no hay nada üòí solo despertaron a Mia üò° stuuupidossssssss Solo tirar dineroüí∏,stuuupidossssssss
Pq chucha me despierto a esta horaaaa,chucha
"Los mejores, los m√°s valientes y m√°s preparados",
q paja ni tengo ganas d salir ma√±ana,paja
"Si te dan manzanas y huevos y te piden que hagas un gazpacho, como cojones pretendes hacerlo?",cojones
"Como un pico flacido, malo malisimo","flacido, malo malisimo"
Por qu√© les tienen tanta bronca a los q fueron mantenidos y no los mandaron a laburar?,bronca
Mis vacaciones de Mayo se fueron a la mierda por el Covid.,mierda
Que serie de la puta madre es Billions.,puta
Che cuenten el secreto para tener motos autos y salir todos los Findes rasc√°ndose los huevos üòõ,rasc√°ndose los huevos
"Nico a los 3 a√±os se meti√≥ una pila y un PAN en la nariz, desde chiquito es pelotudo ü§£",pelotudo
Pues sere un puto desastre pero si te veo mal intento sacarte una sonrisa,puto desastre
CO√ëO una portada sin Neymar jajajaja jajajaja,CO√ëO
Nunca sean as√≠ de mierdas,mierdas
Ahhhhh cabron cu√°l es el beso arco√≠ris ?,cabron
Dejen jugar el partido flaites de mierda!,"mierda, flaites"
Despu√©s de eso casi prendo fuego la campera y la remera de 6to porque la verdad una mierda todo.,mierda
Huevones nefastos utilizados por la extrema izquierda anarquista,"Huevones, nefastos"
"Una noche me dur√≥ la serie, joder co√±o","joder, co√±o"
Joder como esta el chaval ü§¶üèª‚Äç‚ôÇÔ∏è,Joder
Y que poronga es Harry Potter.,poronga
EN SERIO ESTOS PEDAZOS DE MIERDAS PUEDEN SER LLAMADOS POLIC√çAS CIVILES?,mierdas
Van a tener que seguir convenciendo a m√°s charnegos,charnegos
"T√≠pico estos weones se limpian las manos, me voy chao",weones
mejor me voy a dormir porque sino me la voy a mandarrr,mandarrr
Jajajajaj la K√ºy√©n cagando en el depa DESPU√âS DE QUE LA SAQU√â A PASEAR PAR√Å QUE CAGARA AFUERA!!!,"cagando, cagar√°"
"Gol de Alemania, TyC, la concha de tu madre",concha de tu madre
Jajajaja q mente de mierda tengo lpm buen d√≠a crack,"mierda, lpm"
como si nunca vieron la lluvia PELOTUDOS,PELOTUDOS
"EL VERDADERO RELAJO INICI√ì, CUANDO NITO CORTIZO DECLARO QUE ESTE SR SE QUEDABA EN EEUU, PORQUE EL ERA QUIEN MANDABA.",RELAJO
"Y ESPERAR EL APOGEEEO DE LA ENFERMEDAD, CHUPA 3L PICO FEO DE MIERDA.","mierda, feo, chupa"
El que madruga anda cagado de sue√±o!,cagado
"Iba a salir y pincho, una paja d todo manejo √∫ltimamente",paja
Gracias policia x cagarme la siestaüñïüèª,cagarme
Tengo un problema serio si ya desde esta hora estoy hasta los cojones de la gente,cojones
marujones tio deberia daros verguenza,"marujones, verguenza"
Lo puto guapa que sale todo el rato??????,puto
"El destino es una verga, y la vida injusta, por eso viv√°mosla y no la desperdiciemos","verga, injusta, desperdiciemos"
que celular d mierda m pone re del orto,"mierda, orto"
me tienen las pelotas re llenas todos,pelotas re llenas
QUIEN MIERDA ME MANDO A PASARME A ABONO,mierda
"Parce revisen esos prejuicios tan  careculos, la vaina no es por ah√≠.",careculos
T√≥xico de mierda lo √∫nico q quiere es escabiar,"T√≥xico, mierda"
Era el puto amo JAJAJAJAJAJJAJAA,puto
Lindo 5to vamos a tener con el colegio en construccion todo el puto a√±o üôÑ,puto
Pruebas y m√°s pruebas y a este hijueputa nada que lo investigan,hijueputa
Llenos de coca y bandas criminales.,"coca, bandas criminales"
Odio andar con un secreteo... nojoda.,"Odio, nojoda"
"De aqu√≠ a que se d√© de nuevo la mierda, que alguien me pegue un paipe por weta","mierda, pegue, weta"
"Joder que bueno, no voy a picar yo s√≥lo üòâ",Joder
No sirven para un culo,culo
Gran puta... el calor de mierda este... üò£üò£üò£,"puta, mierda"
"El esp√≠ritu de Plasencia siempre ser√° una epopeya de liberaci√≥n de tensi√≥n...Que putos nervios de tanda, pollo.",putos
Lo peor es que hay tantos idiotas que le creen,idiotas
Hay qu serpaleto para no saber que ese psicopata firmo 8000 sentencias de muerte.,"serpaleto, psicopata"
No tengo ni puta idea :@,puta
Cuesta un huevo estar bien con alguien pero solo segundos para que todo se vuelva un caos.,"huevo, caos"
esta hasta el co√±o de la vida JAJAJAJAJAJAJAJAJJAJAJAJAJA yo,co√±o
Siempre as√≠ de pelotudos ü§™,pelotudos
Shh callate hay q tener fe,callate
Estai viejo pa comentar esas hueas,hueas
"Y en mayo m√°s, en junio m√°s, en julio m√°s....... Pedazo de in√∫tiles!!",in√∫tiles
"Layun tirando carro, el chiste se cuenta s√≥lo jajajajaja pinche petardo ü§£","pinche, petardo"
No vuelvo a hacer ni el m√°s m√≠nimo comentario respecto a ni mierda.,mierda
Primera presentaci√≥n de Tinelli que es una mierda üëéüèº,mierda
Gran puta que reflejos ten√≠a Bush,puta
Que ganas de tener esas tetas,tetas
"Las cortes corruptas y ahora tambi√©n con abusos sexuales, de raz√≥n la justicia de este pa√≠s esta vuelta MIERDA.","corruptas, abusos sexuales, MIERDA"
pero callate ‚Äî Pero que me dejes üëä,callate
Odio m√°s a los pinches grillos cuando estoy estresada üò≠,"odio, pinches"
JOH tiene que ganar esta mierda,mierda
"¬øSer√° mongolo de nacimiento, o solamente estar√° interpretando un papel?",mongolo
"¬°Vallekanos yonkis y gitanos! Orgullosos de nuestro barrio, no lo podr√©is entender üí™","yonkis, gitanos"
Sisi viva la patria y coso pero NO SUBAN FOTOS DE SUS LOCROS,NO
As√≠ qu√© como usted hay tanto imb√©cil qu√© por ser socialista y de izquierda cree qu√© no somos independientes.,imb√©cil
No sea imb√©cil la idea es salir con precauci√≥n para reactivar la econom√≠a que lleva meses por culpa del COVID-19.,imb√©cil
Quien poronga es el Pirizz,poronga
3 horas seguidas haciendo cosas para la puta partida Creo que me podr√≠a acostumbrar a esto,puta
Ayer escrachamos al pelotudo del Mono Ramos y hoy al infeliz lo echaron.,"escrachamos, pelotudo, infeliz"
"Aveces Nose si bloquear a Abi de tw o hablarle y mandarla a cagar, que mina m√°s pelotuda es","mandarla a cagar, pelotuda"
Si entendieran que no por salir embarazada se tienen que casar se ahorrar√≠an muchos pedos despu√©s,pedos
Entrar al metro es como bajar al infierno,infierno
"A firmar xq Dalito anda pidiendo asilo, se nos quiere quedar en USA, mejor q regrese y de la cara.",mejor q regrese y de la cara
"Mi perra vale pico, juro que me hab√≠a levantado a jugar y tom√≥ su peluche jajaajja K√ºy√©n de mrda","pico, de mrda"
Muy fan de la forma de saludar de Pablo a la gente que no conoce de una mierda.,mierda
Ya puse la de Don't Want A Miss A Thing de Aeroesmith por si se acaba el mundo ahorita rid√≠culos.,rid√≠culos
Los perroflautas que libr√°is hoy no dec√≠s nada ehh?? #DiaDeLaConstitucionEspanola,perroflautas
Las Cortes con rabo de paja hablan de moral ü§£ü§£ü§£,rabo de paja
Tengo un quilombo en la cabeza y el coraz√≥n hecho verga,"quilombo, verga"
Llevo m√°s de un mes con los pies hinchados que mierda._.,mierda
Menos mal que no te reiste cuando perd√≠ la quinta porque pod√≠a llegar a tirarte por el balc√≥n,tirarte
Que utilicen los recursos de un partido para ganar una Curul y luego coger la de villa Diego con burla!,"coger, burla"
"Tener pareja es la verga; pero tener amigos, verdaderos amigos eso no se compara con nada.",verga
Ni para un hijueputa par de medias.,hijueputa
Que hdp cuando nos pinta baj√≥n inventamos lo que sea para comer,hdp
a ver cuantos poneis tusa pesaos de los cojones,"pesaos, cojones"
Ya me dio esa sed de la que haces encabronar a los novios de las mujeres.,encabronar
Habla como chileno antes de irte culiao weon la wea,"culiao, weon, wea"
"Le apunta con una escopeta  ‚Äî¬ø¬°A caso pretendes llevarme la contraria, maldito!?",maldito
"Por qu√© puta no llueve ahora, YA",puta
"Mi guatita me est√° matando, prometo dejar de comer mierda.",mierda
Que mierda es esa ubicaci√≥n millenial ahora estoy re enojado loko,"mierda, enojado, loko"
"ginobili que huevos que tiene loco , grande manu #T√∫nez",None
"Jajajajajajajajaja jueputa nombre para √±ero, le hubieran dejado Covid","jueputa, √±ero, Covid"
"Mientras tanto, el aprendiz de secretario, , le quiere pasar la papa caliente a la ONU.","aprendiz, papa caliente"
"Me la suda el jopara hoy, voy a comer un sanwi y ya!",suda
"Copito est√° infumable, parece q sabe q es su cumplea√±os",infumable
Muy sorete el.... ni me habla ‚úã,sorete
Este Santiago buch√≥n de mierdaüò°,"buch√≥n, mierda"
No hay nadie de la oposici√≥n con los cojones suficientes para hacer la denuncia..,cojones
Se ven bien pinches finas sacando $8.50 pesitos de su bolsa michael kors para pagar el pasaje del transbus.,pinches
Si se sienten medio boludos... acuerdense que una vez se hizo una caravana en honor a Paul Walker üòò,boludos
Iba a estar yo viendo esta mierda teniendo mi mente tranquila.,mierda
COMO DIJO ROSA PARKS UNA BUENA MILI TE HACIA FALTA A TI MARIC√ìN,MARIC√ìN
Grande como siempre y dejando como un culo a la izquierda.,culo
Ah√≠ si se ir√≠an de culo,culo
Uno para pasar los c√≥licoAY CHAO DE AQU√ç BOBA HIJUEPUTA.,"BOBA, HIJUEPUTA"
"si subo una historia es para q me la respondas boludo, no se c√≥mo explicarte",boludo
Esa pistola con nobel me mand√≥ a la xuxa,xuxa
Pero callate un poco la concha de tu hermana,"callate, concha, hermana"
Me falta follar joder para hacer pleno :(,follar joder
No existe alguien que me mueva el piso como vos,None
Que ninguna me mande nudes es otro pedo.,pedo
As√≠ que c√°mbiame la cara de ojete.,cara de ojete
PUTO GORDO PENDEJO EL CAMPE√ìN ERA WOS,PUTO GORDO PENDEJO
"No pienses eso co√±o jajajajaja que la cambien a la siguiente ciudad si quieren, no en M√°laga ü§£ü§£ü§£ü§£",co√±o
"Por un 2019 q me chupe todo un huevo, y que todo me duela menosüôèüèª","chupe, huevo, duela"
Y ganando 4 a 1... con todo esto .. intento sacar con su cabeza la pelota... que huevos carajo..,carajo
JAJAJAJAJAJAJAJAJAJAJAJAJAJAJAJA QUE PUTA VERG√úENZA EL PENALTI QUE LE HAN REGALADO AL MADRID DIOS MIO!!!,PUTA VERG√úENZA
"Eso al r√©gimen se lo pasa por el forro, tan habladera de paja y no pasa nada.","forro, habladera de paja"
"este tarado dijo que iba a dormir un ratito, van 3 horas",tarado
Con dos huevos... q pasada macho,"huevos, macho"
"A mamarla moros espa√±olitos, los verdaderos espa√±oles est√°n en el norte","mamarla, moros"
Miren este video y despu√©s vean quienes son los verdaderos racistas,racistas
"Que se yo, cosas insignificantes que como siempre como buen boludo me pongo mal.",boludo
La verdad le duele a ese mequetrefe,mequetrefe
noo gato como extra√±o romper colas en el ludoüòîüòî,romper colas
no me puedo dormir la gran concha d su madre,concha d su madre
Tengo que dejar de darle vueltas a la facu co√±o,co√±o
los dioses nos van a castigar x estas mierdas jswjjsjaaj q decia,mierdas
"23 de septiembre del 2020 me entero que DMS significa demasiado, me quiero cortar las tetas!",cortar las tetas
Me volv√≠ a enamorar pero otra vez a la mierda.,mierda
Me refregu√© los ojos y me acorde q la estuve re mil acariciando a esta perra zorra üò¢,"perra, zorra"
se me ha calado el coche en la puta rampa mas heavy que he subido nunca,puta
Tambi√©n me quiero casar con el namjoon de cabello corto y verde  DI VI NO,None
"No intento cambiar a la gente pero si s√© que das m√°s , pues co√±o para que conformarte ?",co√±o
quien viene a ver detective pikachu conmigo aunque parezca una mierda?,mierda
"Opino lo mismo, da risa leer a los que no tienen ni puta idea",puta
Te hubise puesto una luca en el bolsillo para que me trajeras unas piscolas a la mesa,None
O hacen historias de putas y traquetos.,"putas, traquetos"
"Joder, todo muerto es bueno.","Joder, muerto"
Daniel Mendoza y Gener Usuga son tan HIJUEPUTAS la bajeza de ellos de meterse con un ni√±o.,"HIJUEPUTAS, bajeza"
Y digo pringados porque me acuerdo del motivo por el que me bloquearon y me parto el culo de risa,pringados
"Y aqu√≠ estoy yo, habl√°ndote primero otra maldita vez.",maldita
Como siempre las ratas son las primeras en huir.,ratas
Noooooo la concha de la tu vieja mas mal no se puede comenzar????,"concha, mal"
Sisi pienso cagarle el final a todos xq fue una mierda,"cagarle, mierda"
"Se debe estar muy pendejo para compararlos, pero se debe estar mucho m√°s pendejo para demeritar a uno por otro.","pendejo, demeritar"
"Pobre infeliz, el no le llega ni a la suela de los zapatos a BRANDONI...",Pobre infeliz
"Es una pandemia, no comentarios para la tribuna.",ninguna
cuando se dio cuenta de la cagada que hizoüòµ,cagada
Otra de  ‚Äúel mundo es resultado de un pedo originario‚Äù,pedo
"Si si, vete llorando ya",llorando
Por esta misma raz√≥n me resisto siempre que paja,paja
callate gil lo va a ver luana,"callate, gil"
Le pusiste sueldo de 50k a pateadores cualquiera con primas anuales hasta por si se tiraba un pedo.,"cualquiera, pedo"
Nadie querr√° ser presidente de una organizaci√≥n criminal,criminal
Sigan con sus Maricadas de marchas para que despu√©s le echen culpa al gobierno de los aumentos de cocos-19.,Maricadas
Por culpa de aficionados como el tontopollas este se rien de nuestro equipo,tontopollas
Que paja ir al minor locooo!,paja
Me ha hecho sentir cosas co√±o.,co√±o
se va a hacer caca de tanto apretar,caca
Ni aqu√≠ ni en la quebra' de tu raja.,raja
Par de hijueputas c√≠nicos y descarados que merecen ser extraditados,"hijueputas, c√≠nicos, descarados"
"Sal√≠ de ah√≠ Mart√≠nez, es pasar verg√ºenza al pedo","verg√ºenza, al pedo"
Luego co√±azo absoluto lo q movera en torno a ella en redes sociales por ej.,co√±azo
encontr√© la pistola pa los aros mmmm 5 favs y me hago uno,pistola
MALDITA DERECHA GUARDAR EL HACHA YA Y RESPETAR M√ÅS A NUESTROS MAGN√çFICO CIUDADANOS.,MALDITA
Qu√© humor de mierda manejoü§Øü§Ø,mierda
Que caro nos sali√≥ la maldita revoluci√≥n chavomadurista!,maldita
Pero le ten√©is q comer la polla ah ah GRANDE CR7,comer la polla
Se ganan todo eso y muchos no hacen un culo all√°.,culo
Que se puede esperar de un burro m√°s que una patada?,"burro, patada"
Dejad de hacer puto spoiler,puto
Aue puto coraje la vdü§¨ü§¨ü§¨,"puto, coraje"
"Que amigo sos eh, gil de mierda",gil de mierda
Y sin un puto dia de c√°rcel y con miles de muertes a sus espaldas.,puto
Pero hay veces es las que no podes garchar pero eso si podes crack,garchar
No puede ser posible que cada vez que saca un puto tema este incre√≠blemente buenarrrdoooo,puto
"La Camila qlia me tiene chata, ansiosa de mierda, angurri.","qlia, chata, mierda, angurri"
y cuando queda leche pero no te da ni para un chupito que?,no
Trasnochar viendo pel√≠culas de mierda is my passion,mierda
Otro pobre retrasado esperando su paguita. Con la que le pasa Soria no le llega... (Putos recortes) üòÇ,"pobre, retrasado, putos"
Mejoremos el nivel del t√≠pico chileno y sudaca por favor.,"t√≠pico chileno, sudaca"
Por qu√© no me mandas mi carta astral en vez de 'mierdas de google'?,mierdas
Que paja ser al√©rgico en tiempos de covid.,paja
No puedo llegar a ver la serie x este pelotudo y le cambio la contra de netflix üò°,pelotudo
"Con tal de irme a la mierda soy feliz, igual quer√≠a ir a Re√±aca :((((((",mierda
"Jajajajajajajaja que imb√©cil soy, me estoy riendo en el colectivo como desquiciada","imb√©cil, desquiciada"
"En serio NO hagas nada malo, cabron porque ella de todo se entera.",cabron
"Extra√±os a mi team loco, extra√±o los martes y jueves de cagarnos de risa y tomar mate üò¢",cagarnos
"Puede no ES un enga√±o, no podemos creer en este dictador comunista. CALLE hasta que se vayan","enga√±o, dictador comunista, CALLE"
"Uff qu√© tan poco me banco a los hombres la concha de mi madre, con suerte me caer√°n bien 5","Uff, tan poco, banco, concha, suerte"
Jam√°s superar√© su puta risa enserio vivo enamorada JAJAJAJAJ,puta
"rivivio el √°rbitro con el penalti a su√°rez, subnormal",subnormal
cada vez que veo la corrida del pity hac√≠a la gloria eterna lloro como un maric√≥n,maric√≥n
gente dejen de romper las bolas si me ba√±o todos los d√≠as no entienden el sarcasmo acaso,romper las bolas
<Lo r√°pido que se fue todo a la mierda>,mierda
Que cagada es no sentirse c√≥modo en ning√∫n lugar üòÇ,cagada
Me apetece la de dios comerme la boca pila guarro con alguien,guarro
C√°llate bobo anda a te√±irte bien el pelo,"c√°llate, bobo"
"Al darse cuenta de lo que pasaba y quien era, baj√≥ el brazo que sosten√≠a la pistola.‚Äî  Pero... ¬øqu√© cojones?",cojones
Me iba a traer una wea nazi y al final no pudo un amigo,"wea, nazi"
El instrumento de aprendizaje m√°s 'cabron' que hay es el fracaso.,cabron
Yo de √©l mandaba a la üí© al Real y buscaba equipo,mandaba a la üí©
Se me fue el filtro a la mierda...,mierda
todo q m va a salir mal hoy laputamadre,"mal, laputamadre"
"Hoy tengo prueba de trabajo, csm un mierda mierda por la anto plis","csm, mierda"
"Yo no soy el hazme re√≠r de nadie, concha de tu madre.",concha de tu madre
No eso no alcanza todos los d√≠as el mismo Hijueputa madraso.,"Hijueputa, madraso"
"esta gente se cree que ser t√≥xico es cool, no cabron no es coolü§®","t√≥xico, cabron"
"hace dos semanas q me voy a dormir todos los d√≠as mariconeando, no me canso",mariconeando
¬°Pues ya est√° todo claro! La culpa es nuestra por haberles fallado ONE MORE TIME !!,"culpa, fallado"
Una cuna de imb√©ciles que se creen con el derecho de dar c√°tedra a su gusto.,imb√©ciles
Claramente te sentaste arriba de la torta porque el pelo te lo cortaron con la pija jsksjsksjs,pija
Uruuayos cagones ya les tocara venir a Chile!,cagones
"Nicol√°s Burdisso incompetente de mierda, trae un refuerzo como la gente o deja de hablar giladas","incompetente, mierda, giladas"
Ac√° ustedes tienen rabo de paja.,rabo de paja
"No salgo m√°s, que noche de mierda",mierda
JAJAJAJAJAJA  *Se crea un Twitter y la sigue armando de a pedo,pedo
"A los que les chupa la poronga y defiende a garnero, que se vayan con el de paso GRACIAS!",chupa la poronga
"Cuando no, ese pedazo de Hpta en contra del ej√©rcito nacional.",Hpta
La Corte est√° llena de pura mierda.,mierda
"Si pudimos mandar a Cantora a la sobrinisima, podemos mandar a la hortera de la brilli a su casa!!",hortera
Que paja tener q hacer mi corpi√±o tambi√©n no ?,paja
Y se me colaron unos mamertos politiqueros.,"mamertos, politiqueros"
Con 25 minutos no salvas las cagadas de todo un torneo.,cagadas
"HERNANO YO QUIERO DORMIR TAMBIEN, LA PUTA MADRE üòí",PUTA MADRE
Tanto quilombo x las entradas y fue una mierda la egresado del CAI,"quilombo, mierda"
Me emperra que a estas alturas haya negocios que no acepten pago con tarjeta... ü§¨ Pinche elotero mam√≥n.,"emperra, Pinche, mam√≥n"
Q ahora en reemplazo de Nuria pongan a Anabel y una mierdaaaa NADIE QUIERE A ANABEL!,"mierda, NADIE QUIERE"
"Primero los que deben responder son ustedes parranda de Hijueputas asesinos, violadores.","Hijueputas, asesinos, violadores"
"Ocupamos un defensa mat√≥n, un defensa perro, agerrido y de huevos.","mat√≥n, perro, agerrido, huevos"
Este noticentro ali√°ndose con los malditos partidos de siempre y no le dan oportunidad a los nuevos.,malditos
"Jugamos como las weas...Holgado la tubo y la pico y se la perdi√≥, el resto a la fifa,ya perdimos.",weas
Ojal√° hubieran m√°s cosas para decirle a ese TETRAHUJUEPUTA,TETRAHUJUEPUTA
Donde putas estar√° Daniel Ortega?ü§î,putas
Ese momento inc√≥modo cuando crees hablar con alguien en Grindr por primera vez pero te dice que ya culearon,culearon
As√≠ me gusta que venga gente preparada y educada en las m√°s rancias y refinadas tradiciones.,rancias
Eso muestra la rata tan hijueputa que es Petro.,"rata, hijueputa"
En cualquier momento colapsa üáªüá™üòû,colapsa
Ella sabe c√≥mo dejar que este emputada jajajajajajaj,emputada
"Necesitaba desahogarme con esa wea, te juro que me cae muy mal ese viejo culiao üòë","wea, mal, culiao"
"Es una victima, que diria elisa beni.",ninguna
Gran puta Tyrone Lannister sabe dar izquierdazos.,puta
Muy temprano para hablar tanta paja,paja
Decirle mierda ofende a la mierda.,mierda
Porque de eso nada que responde y se hace el pendejo.,pendejo
Para que se les acabe ese jueguito a todos esos violadores de las Farc,violadores
"La clase estuvo buena pero s√∫per mocha a mi parecer, si consideramos que es folclore y tiene un background brutal.","mocha, brutal"
hoy hicimos esa patada que barre por abajo y pensaba: en el mortal kombat era m√°s f√°cil.,ninguna
Me voy hacer la paja con arrechera y a dormir.,"paja, arrechera"
Es decir las cortes son la mierda de la institucionalidad en el pa√≠s.,mierda
"Que triste, de la persona que menos lo esperaba, me hizo mierda.","triste, mierda"
"Confirmada la derrota entonces, maldita ma√±a de a todo partido importante llamarlo 'final'",maldita
"A la mierda el orgullo, le voy a hablar  ‚ÄîBuenos d√≠as, vecino.",mierda
Es m√°s f√°cil ganarse el baloto que conseguir un hijueputa sitp en menos de 35 min.,hijueputa
"d√©jala ah√≠ amiga es siempre lo mismo, q les chupe un huevo todo lo q dicen",chupe un huevo
"Sacate la camiseta y secate las lagrimas con ella, marico. Agradece que est√°s presenciando historia pura, te guste o no.",marico
As√≠ que no se venga a lavar las manos por los antecedentes de su Papito.,lavar las manos
"No sean pelotudos, porque sale en netflix se enteraron que tacumb√∫ es un kilombo pio?","pelotudos, kilombo"
Bue pelotudo fue sin querer üíîüíî perd√≥n jeje,pelotudo
Los mejores y los m√°s valientes,
Por qu√© co√±o ponen solo videos hablando Koala y M√≠riam de la mugrepandi??????,"co√±o, mugrepandi"
"SI LA EBAU SOM GACELAS NOSOTROS SOMOS LEONES CO√ëO, VENGA A POR ELLOS CO√ëO",co√±o
que tiene que ver el feminismo con nazis de mierda,"nazis, mierda"
"Miro a mi novia y digo, qu√© mierda hice para merecer una persona tan buena y hermosa como vos?",mierda
Entonces anda comete un pancho cobra o un lomito de terraterra y deja de hacerte el finoli...,finoli
"Amonestaci√≥n a Van Dijk, da el bal√≥n y se lleva el tobillo del maldito enano",maldito enano
oye que me suda la polla la cantidad de billetes que os han traido los reyes xd,suda la polla
Como mierda no hay viadil en esta casa!,mierda
"Si, ser√© esa amiga y la t√≠a buena pal webeo",webeo
cagondios pk no tengo pruebas k sino,cagondios
Estoy de Suso hasta el mismo ojete.,ojete
No me canso de mandar a todos los grupos mi tema del pito,pito
che no quiero joder pero vi a varias pibas hablar d un escracho m podrias contar que onda?,joder
S√© que Sari tiene ganas de chingarse al Winston Fish,chingarse
Martin es mas wn que las palomas...inocente el cabro #Los80,wn
"Nadie me va a recibir, ya me imagino durmiendo cagada de fr√≠o en el banco de una plaza",cagada
Y entonces este mequetrefe cuando va para la c√°rcel,mequetrefe
Ese pedazo de Hpta nunca va contestar.,Hpta
"Si no quiere enterder, es usted un tremendo pedazo de weon",pedazo de weon
Quien los manda a meterse ah√≠.,manda
Ac√° hay mucho boludo pidiendo que devuelvan plata !,boludo
"U hoy o ma√±ana sale (y dar√© porculo como Dio manda, por supuesto).",porculo
Hay que probarlo todo en la vida (dijo sacandose un hamster muerto del orto),"muerto, orto"
Que falta ni que nada que puta,puta
"No s√© si comer, cagar, dormir o ir a misa, me siento tan confundido.",cagar
üëèüèºüëèüèº gracias a ustedes el pa√≠s va para la mierda.,mierda
ESOS CABRONES HUELEN EL MIEDO.,CABRONES
Era hacerlo putear al pedo.,putear
Cada quien decide en qu√© infierno se quema juju,"infierno, quema"
En cualquier bar de mala muerte se come rico en Baires!,mala muerte
Y el papel secundario de Gordon Pinsent es una puta maravilla!!!!,puta
"Como no encuentro Mickeys, me dedic√≥ a mirar culos.",culos
Deje de hablar tanta mierda qu√© en eso si son buenos.,mierda
swiss medical y la concha de tu madre,concha de tu madre
me encanta cuando la gente no entiende una mierda y habla pelotudeces porque s√≠,"mierda, pelotudeces"
Sigan Saliendo parranda de Hijueputas...Sigan creyendo que esto es un juego y que son inmunes al Covid-19.,Hijueputas
La Cuarentena no sirve para un culo.,culo
"culiada para un poco, CUARTO trabajo que nos mandas en dos semanas hijadputa","culiada, hijadputa"
Los espa√±oles ¬øtenemos una paciencia infinita o somos imb√©ciles con avaricia?,"imb√©ciles, avaricia"
Tiene que ser uno muy HIJUEPUTA en este mundo para meterse con los ni√±os de alguien.,HIJUEPUTA
"Que mierda ya es hacer ejercicio, pero bueno dios me hizo simp√°tico pero no flaco",mierda
te podeis ir pal co√±o jajajaja #VzlaSeRespeta #LasCallesSonDelPueblo,co√±o
"No me puedo ni levantar de la cama, q gripe de mierdaüò∑üòì",mierda
"Vamos, que el Leicester ten√≠a que venir a Madrid por cojones üòÇüòÇ",cojones
que eternas s me hacen las noches puto insomnio,puto
Gran puta... gracias a Dios que solo Messi juega bien en Arg.,puta
Quiero estar de novio pero ala vez salir de joda que mierda hago?üòÇüíî,mierda
"tendr√≠a q dejar de escuchar canciones q me hacen mierda, tendria",mierda
Ver a Pedro el guapo de presidente y piensan que cualquier in√∫til puede prosperar en nuestra patria.,in√∫til
Las Jordan 13 de Villanueva la cagaron!,cagaron
A QUI√âN CO√ëO VAN A SALVAR HOY?,CO√ëO
Con tantos cr√≠menes y violencia que hay por ah√≠ van a joder a un chico laburador?,"cr√≠menes, violencia, joder"
lo siento soy consciente de la tremenda mierda q he soltao,mierda
Y la vieja zorra no se desilusion√≥ c√≥mo con M Macri?,vieja zorra
Yo le camino a alguien que demuestra que le importo.,
"Habeis disfrutado los fachas, lacayos y mamones del sistema absoleto y corrupto","fachas, lacayos, mamones, absoleto, corrupto"
Hijo de puta peor me siento ahora boludaüòÇüòÇüòÇ,"hijo de puta, boluda"
mirad qu√© cara de subnormal tiene,subnormal
Que paja estar√≠a teniendo de ir al clubüôÑ,paja
instagram me chupa un huevo qui√©n est√° haciendo vivos entendiste bueno,chupa un huevo
Bue estoy re celosa de ustedes tres putos de mierda,"putos, mierda"
"Me quieren mandar por una pizza, pero pura madre si voy a ir.",pura madre
Estamos llevados del Putas y gracias a Quien?,Putas
Le sacaron los trapitos al sol.,trapitos al sol
Netflix es peor que las drogas.,"peor, drogas"
"como me va afectar tanto esto,que idiota soy",idiota
.. s√≥lo hablando cinco minutos puedes cambiar mi puto pensamiento,puto
"AJAJAJ por la chucha, pierde seriedad el asunto",chucha
Pero en el otro video usted misma dice que las ‚Äúcachacas‚Äù est√°n treinta estratos m√°s arriba.,ninguna
La vaina era q empec√© a tirarle los perros Pa ver si pod√≠a pasar algo.,vaina
Este mamarracho es el que dec√≠a que no era muy de banderas?,mamarracho
"Eso destruy√≥ mi alma en mil pedazos, que gonorrea.",gonorrea
Pero la gente es bruta prendiendo las plantas??,bruta
Se puede morir por sexo???,morir
Ser√° que escuchara o leera esto para ver si hace caso y deja tanta arrogancia,arrogancia
En cualquier momento agarro una tijera y me vuelvo a hacer cagada en el pelo,cagada
"Pues llevo 6 y estoy ya hasta el co√±o, que no tengo.",co√±o
"No puedo creer que a tu pensamiento rid√≠culo le pusieron 3 me gusta, estamos perdidos :)","rid√≠culo, perdidos"
"Mis compa√±eros cuando quieren se ponen de modo ortiva como ninguno, forrosüòí","ortiva, forros"
Que yo no entiendo como podes pensar si te volaron la cabeza,volaron la cabeza
Jajajajajajajajajajajaja yo lo vi como 20 veces pq es que les gusta joder a esos hp ü§£,"joder, hp"
Creo que no entiende la existencia el ahorro y romperse el orto en el trabajo,romperse el orto
Puta madre no me quiero ir,Puta madre
Y un penal no fuiste capaz de meter... andate a la puta takuara,puta
Qu√© humor de mierda tengo hoy dios,mierda
Como me rompe las pelotas que tarden en contestar.,rompe las pelotas
S√≥lo estoy aqu√≠ desvel√°ndome a lo puro pendejo.,pendejo
"Acabo de cachar que tengo un taller en la u, obligatorio ctmmmmmmm, me quiero matar","ctmmmmmmm, me quiero matar"
"El 'yo te aviso' es un 'No espere ni mierda, por que no la voy a llamar ni decir nada'.",mierda
Voy a escucharme bien cagona pero es mis amigos y yoüòÇ,cagona
Mientras el juega con el helic√≥ptero..pero and√° IN√öTIL,IN√öTIL
Raro este pedazo de Hpta incitando cada semana a una marcha.,Hpta
Un beso que te gust√≥ pero la psic√≥pata de tu pareja te lleva echando en cara desde entonces.,psic√≥pata
"El wey que qued√≥ conforme,¬°Puto!","wey, puto"
Pues no que en la mierda empresa esta siguen poniendo el aire acondicionado CALIENTE con 20¬∫C en la calle tio???,mierda
El puto amo de las bromas jajajaü§£ü§£,puto
5 minutos estudiando y 3 horas pajariando...,pajariando
Despertaron al Le√≥n y no saben lo que les vienen mamertos ifuegputas.,mamertos ifuegputas
"Al fina les pondremos la alfombra roja, entre aplazamientos y esta mierda.",mierda
jajajaja ven√≠ a ordenarmela vos q estar re al pedo,pedo
Carabineros ha terminado siendo una organizaci√≥n incompatible con la democracia,incompatible con la democracia
Jajajaja pens√≥ que era de cuates.,
"No, si yo tambi√©n iba en plan co√±a hasta que he visto que no era tal xD",ninguna
De verdad es necesario hacer esta cola para comer en el puto Mc??,puto
"Nooo, no es una vida de mierda, es una vida de locos.","mierda, locos"
Les tiembla el culo a ustedes que saben porque les corre.,culo
prometo agarrarte el culo asi 24/7 enviar,agarrarte el culo
"El olor a metro a las 15h me da mucho asco‚Äù Palabras de pija repelente, ni me sorprenden..#VenenoEH","asco, pija, repelente, veneno"
Por qu√© cojones descans√≥ mas el Lega si acab√≥ antes?????,cojones
"Por la chucha ni actualizar mis datos puedo en afp modelo, una mierda su pagina","chucha, mierda"
ayer hice dos andadas x el monte y me pegue el dia recogiendo basura del suelo sois unos cerdos,cerdos
QUE LINDO TU CULO MI AMOR üôèüòòüáªüá™,culo
O no compramos un co√±o e casa y mejor lo prendemos todos,co√±o
"Ajskajakakka callate tu cartuchera era una cosita de cada pueblo, igual t perdonamos are",callate
Que puta yo pens√© que estaban jugando ya... ahora reci√©n van a jugar... problemas de no entender el deporte jajaja,puta
EMPIECEN A TRANSMITIR USTEDES EN VIVO NOJODAAAA DEJEN EL MIEDO TAMBIEN,NOJODAAAA
unnnas ganas d ponerme en pedo un rato,pedo
Se me olvid√≥ cocinar y adivinen quien hptas se acab√≥ de quemar y no siente el pinche dedo üôÉ,"quemar, hptas, pinche"
Ya q no hay col√© me podes venir a ver puto de mierda üò°,"puto, mierda"
Pero que co√±o dice el italiano?,co√±o
"Para que quiero un puto novio si ya sufro extra√±ando y amando tanto a mi familia, no necesito m√°s gente.",puto sufro
Pi√±era tiene que estar llorando por no poder ir a chuparle el pico a Trump,"llorando, chuparle el pico"
"igual alta paja dsps se me parte una y m corto todas seguro, pincho","partir, corto, pincho"
Fr√≠o de mierda me sacas las ganas de salir,mierda
"Yo estoy mil horas en pensar si tengo q sumar, dividir, o q verga hacer üôÉ",verga
Si le votan a este energ√∫meno de verdad no aman a su ciudad.,energ√∫meno
"Son un chorro de Machos contra Mujer, pero voy por Josean de Comerio.",Machos